{
  "project_name" : "flowtest",
  "project_id" : "8097fc55-cdbd-448f-a71f-e8d5d2c9c412",
  "created_by" : "admin",
  "created_at" : "2023-07-28T14:00:12.987048328Z",
  "environment" : "cp4d",
  "services_info" : [ {
    "name" : "ds-canvas",
    "version" : "466.0.25"
  }, {
    "name" : "ds-flows",
    "version" : "466.0.2"
  }, {
    "name" : "ds-codegen",
    "version" : "466.0.18"
  }, {
    "name" : "ds-flow-runtime",
    "version" : "466.0.5"
  }, {
    "name" : "ds-migration",
    "version" : "466.0.6"
  }, {
    "name" : "DSAssets",
    "version" : "466.0.3"
  }, {
    "name" : "ds-cas-lite",
    "version" : "466.0.3"
  } ],
  "assets" : [ {
    "name" : "Flow_1",
    "type" : "data_intg_flow"
  }, {
    "name" : "Flow_1",
    "type" : "px_executables"
  }, {
    "name" : "Db2onCloud",
    "type" : "connection"
  }, {
    "name" : "postgres",
    "type" : "connection"
  } ],
  "flow_job_mapping" : [ ]
}